first_name,last_name,email,phone,account_number,address_line_1,address_line_2,postal_code,last_modified
Malvin,Avison,mavison0@mapy.cz,708-662-0049,374283321109811,6 Oneill Court,Chubek,,2020-03-06 12:27:40
Hephzibah,Plaister,hplaister1@cloudflare.com,842-241-2245,3572488294785026,704 Pine View Hill,Bila Krynytsya,,2020-04-01 01:33:29
Charles,Spat,cspat2@gnu.org,587-198-5575,3568575555900041,7 Reindahl Street,Shināş,,2020-03-24 00:50:40
Darcy,Kinsey,dkinsey3@mozilla.com,263-879-1852,6771539392782778,6940 Ridgeway Road,Markaz-e Ḩukūmat-e Darwēshān,,2020-05-19 08:43:05
Robinia,Foucar,rfoucar4@adobe.com,407-988-4383,3573422817013987,07211 Commercial Avenue,Marseille,13399 CEDEX 05,2020-10-06 14:24:16
Timmie,Smullen,tsmullen5@squarespace.com,816-604-3053,5100143658430893,089 Sauthoff Way,Czarna Dąbrówka,77-116,2020-01-14 10:59:36
Chloette,Alfonsetti,calfonsetti6@gnu.org,820-635-1336,5602225612079222,9 Arizona Place,Taiping,,2020-02-23 14:22:37
Madelene,Rickaby,mrickaby7@usa.gov,529-293-6177,30106482631560,88 Tennessee Junction,Cennan,,2020-02-11 20:51:27
Bailie,Rossetti,brossetti8@nsw.gov.au,634-306-6350,3562733865780506,01254 Mockingbird Avenue,Kostanay,,2020-09-04 10:39:52
Germaine,Seston,gseston9@theguardian.com,756-634-5827,3564479418247225,77017 Warrior Terrace,Seres,7109,2020-09-21 07:12:11
Merrilee,Glendining,mglendininga@reddit.com,591-956-9891,3538082801311021,90750 Fordem Point,Lautoka,,2020-07-21 14:26:33
Torin,Hartford,thartfordb@nbcnews.com,253-668-3776,4041592560405804,9378 Onsgard Park,Carman,A8A,2020-01-15 09:18:58
Susannah,Montford,smontfordc@drupal.org,187-399-2166,3562303963545100,01 Eastlawn Alley,Juanshui,,2020-10-30 03:30:18
Lockwood,Kear,lkeard@163.com,234-727-4431,3565684757679172,8719 Golden Leaf Hill,Changwon,,2020-11-14 07:18:54
Alec,Benoix,abenoixe@sfgate.com,682-607-3353,67637783638706342,91 Melody Crossing,Hyesan-si,,2021-06-16 22:17:54
Chad,Esposi,cesposif@slashdot.org,966-618-9097,3562498634667141,0 Fallview Avenue,Colquemarca,,2020-03-20 23:53:11
Fara,Vitler,fvitlerg@nasa.gov,817-184-1749,5568875803181138,215 Mallory Plaza,Paurito,,2020-09-29 23:33:14
Lillis,Heinzler,lheinzlerh@yellowpages.com,129-907-3932,30337389912189,1397 Vahlen Point,La‘l,,2020-03-06 18:58:15
Yovonnda,Weepers,yweepersi@webmd.com,984-977-2273,3548164094287288,13197 Trailsway Hill,Camiri,,2020-04-22 21:40:30
Graeme,Hedan,ghedanj@ameblo.jp,512-509-2768,3543425332372447,2 Prairieview Crossing,Itum-Kali,366404,2020-04-02 12:08:00
Ashia,Ogg,aoggk@discovery.com,832-756-6619,6393682139096744,9906 Anhalt Road,Baimi,,2020-03-18 13:07:58
Estrella,Guinane,eguinanel@globo.com,614-433-3216,3533043051960748,757 East Road,Voloka,,2020-09-16 02:34:50
Kip,Waite,kwaitem@google.de,519-698-5770,3560826282664907,61 Anhalt Place,Vendargues,34747 CEDEX,2020-10-05 19:02:05
Fan,Robiot,frobiotn@ameblo.jp,938-531-7174,5408875272420011,36 Dakota Crossing,Batangtoru,,2020-02-29 04:57:31
Dorothy,Halgarth,dhalgartho@phoca.cz,535-892-5056,3570336932212535,2083 Coolidge Crossing,Longmen,,2020-01-31 13:54:09
Reeta,Laughlan,rlaughlanp@typepad.com,397-204-3707,5108758343643196,0886 Fulton Alley,Boshkengash,,2020-04-02 02:14:49
Lindon,Schurig,lschurigq@opensource.org,130-479-2863,5424587591579670,34 Arapahoe Road,Tsementnozavodskiy,460960,2020-04-22 07:12:05
Fowler,Ceccoli,fceccolir@google.es,554-654-5999,5303021072800252,8 Monument Center,Krajan Tambakrejo,,2020-02-23 06:41:56
Zola,Marcham,zmarchams@github.com,815-899-8220,3587168157877077,45 Helena Crossing,Strání,687 65,2020-05-01 23:55:04
Roxanne,McNeigh,rmcneight@fastcompany.com,926-831-0722,5602240859860911,40 Charing Cross Parkway,Qīr Moāv,,2020-06-14 02:32:37
Jeniece,Annandale,jannandaleu@dyndns.org,997-215-4982,3544466363156886,7 Westport Lane,Joaquín V. González,4448,2020-05-06 23:14:58
Lawton,Vennart,lvennartv@dot.gov,847-154-3292,3536823348128945,0110 Aberg Alley,Yuelai,,2020-12-05 22:11:59
Agnella,Wrinch,awrinchw@stanford.edu,760-389-1274,3576900341239324,285 Delladonna Way,Solok,,2020-06-05 00:36:48
Jenine,Edeson,jedesonx@ezinearticles.com,727-800-1298,5602252332376654,3696 Moulton Pass,Numeto,,2020-10-11 21:14:31
Ezekiel,Kibbe,ekibbey@sbwire.com,346-727-0869,4905496491952824,7 Nancy Point,Shāhīn Dezh,,2020-03-28 21:02:00
Garvy,Grimmer,ggrimmerz@vkontakte.ru,386-959-1848,3573905660376089,1 Southridge Trail,Jacobina,44700-000,2020-06-29 12:15:50
Cullin,Bleasby,cbleasby10@diigo.com,154-997-5362,30470278411334,41 Eliot Parkway,Colombia,,2020-10-02 00:00:42
Wallie,Daintree,wdaintree11@virginia.edu,328-405-0956,50388399893206642,22031 Thierer Junction,Drajak,,2020-05-14 12:18:15
Sal,Wedlock,swedlock12@adobe.com,227-843-4350,4844353758156348,179 Warrior Center,Fusagasuga,252219,2020-04-05 01:39:28
Pietra,Wroughton,pwroughton13@omniture.com,939-862-9342,4568126787457893,92 Ramsey Junction,Buenavista,39250,2020-02-06 13:08:12
Consuelo,Vittori,cvittori14@nationalgeographic.com,501-354-7449,6304746702681501,724 Scoville Circle,Salto,,2020-11-22 23:54:44
Cos,Pellitt,cpellitt15@ehow.com,234-312-4797,3569629412192059,95818 Summer Ridge Place,Khombole,,2020-07-12 14:39:56
Julissa,Vinick,jvinick16@state.tx.us,165-570-5710,3553993516384519,65765 Pine View Court,Huai’an,,2020-05-17 00:08:24
Ora,Caville,ocaville17@tuttocitta.it,563-736-2737,201545422354317,13 Reinke Avenue,Manouba,,2020-03-25 02:17:34
Gardie,Josovich,gjosovich18@sohu.com,758-210-1393,3583619613528443,6 Magdeline Court,Meringkik,,2020-08-11 11:08:45
Adela,Gwyllt,agwyllt19@so-net.ne.jp,285-963-2398,3529328514017350,8 Oak Alley,Palamadu,,2020-10-17 08:07:49
Ben,Cartwight,bcartwight1a@newsvine.com,432-594-2651,560222299299285182,89 Claremont Crossing,Zhongnan,,2020-05-11 09:46:22
Delilah,Fairham,dfairham1b@acquirethisname.com,447-930-6186,3539414236964331,06 Maryland Crossing,Kunda,,2020-01-21 07:51:31
Callie,Swanston,cswanston1c@barnesandnoble.com,382-824-5135,3587103179035362,4 Weeping Birch Point,Castanheira do Campo,3025-511,2020-10-08 17:20:20
Leeann,Tapper,ltapper1d@slideshare.net,561-144-7893,3572361814476733,04 Myrtle Crossing,Eksjö,575 35,2020-03-13 22:11:07
Bartram,Conti,bconti1e@adobe.com,658-200-4696,3536447711823450,1 Fair Oaks Road,Camilaca,,2020-12-13 06:44:03
Nadya,Jerrans,njerrans1f@twitter.com,706-792-5074,6759283715739719256,42830 Jay Junction,Youssoufia,,2020-11-14 10:22:35
Ashlan,Rosas,arosas1g@boston.com,815-780-1528,3551933295656812,66 Fisk Circle,Cho-airong,96180,2020-11-26 12:58:22
Hashim,Osmant,hosmant1h@angelfire.com,949-439-8583,4885249686841,83 Bay Parkway,Chuquitira,,2020-04-13 12:32:55
Arvy,Lamort,alamort1i@bloglovin.com,886-308-9438,3533195801201516,85 Sycamore Road,Barranqueras,3480,2020-09-02 05:18:45
Hewitt,Bretton,hbretton1j@independent.co.uk,713-732-9425,3586925277061044,7 Dovetail Way,Zaječí,691 05,2020-05-14 05:50:42
Liesa,Southworth,lsouthworth1k@youtu.be,882-684-6447,3560922780104254,22639 Springs Street,Takeo,,2020-07-24 01:30:06
Maggee,Plampin,mplampin1l@hc360.com,562-725-5541,6391646711029755,5530 Welch Drive,Long Beach,90831,2020-12-19 18:56:25
Ceciley,Franchioni,cfranchioni1m@cnbc.com,442-803-8201,3536389573881178,4939 Michigan Trail,La Paloma,,2020-06-02 21:56:55
Keven,Cowitz,kcowitz1n@disqus.com,287-225-5720,3532852628754629,938 Drewry Parkway,Ladner,V7A,2020-11-17 00:34:29
Myranda,Richten,mrichten1o@aboutads.info,224-757-8122,3587036203338669,38 Scott Street,‘Arad,,2020-05-18 09:07:34
Wood,Petche,wpetche1p@weibo.com,583-933-6328,201824471444851,82268 Waywood Drive,Panitan,5815,2020-08-20 13:48:21
Consolata,Duberry,cduberry1q@hexun.com,479-569-1569,4114528218989635,66 Manufacturers Crossing,Balyaga,673020,2020-05-01 14:16:00
Norman,Bennellick,nbennellick1r@symantec.com,104-101-7737,6381945285459386,18 Bartelt Crossing,Tuanshansi,,2020-02-06 15:51:48
Janetta,Doddridge,jdoddridge1s@ucla.edu,451-907-8781,630493774906753411,16 Prairie Rose Plaza,Luntai,,2020-09-28 07:31:19
Clyve,Kreuzer,ckreuzer1t@japanpost.jp,247-423-3480,6334705005384639,7 Shelley Junction,Tianxin,,2020-09-24 11:06:43
Constancia,Gyrgorwicx,cgyrgorwicx1u@ucoz.com,283-768-5486,5010127630523098,53626 Messerschmidt Trail,Kurashiki,904-2145,2020-04-14 04:06:50
Juliann,Choke,jchoke1v@hc360.com,484-464-7091,201793803015418,48 Jay Place,Polo,1444,2020-04-23 14:57:15
Goober,Siggery,gsiggery1w@craigslist.org,472-516-8973,337941046781257,5504 Lyons Avenue,Pimentel,,2020-12-31 01:18:37
Rodina,Goodboddy,rgoodboddy1x@oakley.com,312-678-4838,30385325152931,2418 Forest Run Court,Uglyanets,396130,2020-05-19 19:10:20
Cassi,Roslen,croslen1y@gov.uk,935-158-4265,201721556197729,36 Myrtle Crossing,Markaz-e Ḩukūmat-e Darwēshān,,2020-03-04 01:29:09
Thibaud,Gillhespy,tgillhespy1z@odnoklassniki.ru,824-442-3225,5018931626698719526,2 Stephen Place,La Libertad,,2020-03-25 12:49:46
Putnem,Newbatt,pnewbatt20@barnesandnoble.com,417-616-9669,4041379130530992,26 Rutledge Park,Tazemmourt,,2020-03-30 16:24:26
Jackie,Mathey,jmathey21@sourceforge.net,229-762-7916,5463659065290886,03284 Northwestern Parkway,Moba,,2020-01-30 04:02:14
Sheena,Colenutt,scolenutt22@ameblo.jp,271-520-0022,30440287464517,99908 Grasskamp Pass,Chafé,4935-584,2020-10-26 15:08:27
Jordanna,Millichap,jmillichap23@google.ca,314-422-9973,5602211492845452,5452 Calypso Parkway,Shchelkovo,306455,2020-06-29 20:23:28
Axe,Madine,amadine24@blogtalkradio.com,417-776-1545,5436547670130577,3 Surrey Junction,Longzui,,2020-01-22 21:10:15
Sabrina,Bacup,sbacup25@buzzfeed.com,479-732-6902,3533790688949391,61 Corry Road,Pereira,4650-752,2020-01-28 12:16:45
Pate,Server,pserver26@harvard.edu,787-957-0414,3559218881779885,17 Johnson Circle,Riolândia,15495-000,2020-05-07 15:29:08
Marta,Beste,mbeste27@booking.com,363-458-9684,5641825673293928811,33961 Buell Lane,Parlilitan,,2020-10-09 19:26:18
Allissa,Greve,agreve28@barnesandnoble.com,628-649-3269,67714350286445825,47 Del Mar Trail,Souto do Meio,2420-144,2020-11-23 12:05:47
Mateo,Davidoff,mdavidoff29@go.com,958-287-8960,3544622029372172,9 Jenifer Point,Jorf,,2020-10-19 05:08:21
Cele,Creany,ccreany2a@ucla.edu,664-225-3838,3556498030082265,3920 Nelson Lane,Margara,,2020-08-05 03:42:59
Gael,Radoux,gradoux2b@nih.gov,508-109-6647,4508686260844191,99152 Milwaukee Hill,Sudikampir,,2020-08-14 04:15:35
Victoir,Crow,vcrow2c@hc360.com,701-292-8412,6762544959846728,58 Oriole Park,Espargos,,2020-07-07 15:00:41
Ida,Dytham,idytham2d@cmu.edu,172-130-9274,3589844193620014,408 Marquette Point,Mirzāpur,1945,2020-02-24 09:08:42
Bobbi,Ronisch,bronisch2e@auda.org.au,696-900-3527,3581741020901815,667 Warner Drive,Madura,,2020-04-07 19:04:33
Gerta,Canfer,gcanfer2f@prnewswire.com,896-796-5384,372301241753542,3 Mayer Crossing,Celica,,2020-08-02 14:55:56
Tiler,Collis,tcollis2g@ehow.com,812-636-9153,3575443581769354,6 Larry Drive,Niagara Falls,L2J,2020-06-23 22:28:58
Maxine,Eslie,meslie2h@google.com.br,320-580-0363,3576165672699385,8996 Green Ridge Place,Pudoc North,2727,2020-10-25 00:29:07
Pierette,Errigo,perrigo2i@printfriendly.com,810-815-6624,6375373095765678,6 Namekagon Hill,Sarandi,99560-000,2020-12-09 03:58:13
Leupold,Cumberbatch,lcumberbatch2j@indiatimes.com,989-992-4020,3567203004212196,0050 Warner Plaza,Bijeli,,2020-08-31 02:36:10
Rozele,Godbald,rgodbald2k@wiley.com,599-573-4104,201639922162112,39196 Anniversary Circle,Srinagarindra,31150,2020-01-31 01:58:58
Alley,McAulay,amcaulay2l@mysql.com,718-544-4489,4905784574820335,59 Blaine Terrace,Stopnica,28-130,2020-03-24 19:39:50
Alfi,Wessing,awessing2m@examiner.com,292-142-7168,6304773547061517,1098 Warbler Point,Guiping,,2020-04-13 05:23:59
Yolanthe,Gregoli,ygregoli2n@usnews.com,336-372-4155,5602258331441894,8 Maple Wood Center,Blois,41904 CEDEX 9,2020-01-04 19:42:04
Karlyn,Roussel,kroussel2o@sitemeter.com,301-544-5113,6763122093932438,4736 Gateway Way,Tonantins,69685-000,2020-03-15 10:58:59
Dyane,Bloan,dbloan2p@icq.com,956-434-0447,372301297223671,8150 Eagle Crest Trail,Newton,NG34,2020-03-03 06:18:15
Elisha,O'Doireidh,eodoireidh2q@studiopress.com,803-195-7242,5340406165607653,2 Ridgeway Drive,Niu,,2020-02-10 05:49:11
Nikoletta,Order,norder2r@cbslocal.com,619-469-4242,5602239840392810,312 Barnett Trail,Kalimati,,2020-12-22 14:57:03